authority,hours,first_hour,last_hour,first_demand_hour,last_demand_hour,hours_with_demand,demand_share,reports_demand,region,validation_coverage,test_coverage,backtest_eligible
AEC,27792,2018-07-01T06:00Z,2021-09-01T05:00Z,2018-07-02T06:00:00.000000+0000,2021-09-01T05:00:00.000000+0000,27578,0.9931575914721982,true,SE,0.0,0.0,false
AECI,72312,2018-07-01T06:00Z,2026-09-30T05:00Z,2018-07-01T06:00:00.000000+0000,2026-09-29T05:00:00.000000+0000,72272,0.9997786631252766,true,MIDW,1.0,1.0,true
AVA,72312,2018-07-01T08:00Z,2026-09-30T07:00Z,2018-07-01T08:00:00.000000+0000,2026-09-29T07:00:00.000000+0000,72288,1.0,true,NW,0.9998858447488584,0.9997716894977169,true
AVRN,71568,2018-07-31T08:00Z,2026-09-29T07:00Z,,,0,0.0,false,NW,0.0,0.0,false
AZPS,72312,2018-07-01T08:00Z,2026-09-30T07:00Z,2018-07-01T08:00:00.000000+0000,2026-09-29T07:00:00.000000+0000,72250,0.9994743249225321,true,SW,1.0,0.9982876712328766,true
BANC,72312,2018-07-01T08:00Z,2026-09-30T07:00Z,2018-07-11T08:00:00.000000+0000,2026-09-29T07:00:00.000000+0000,71967,0.9988757495003331,true,CAL,1.0,0.997945205479452,true
BHBA,4368,2026-04-01T07:00Z,2026-09-30T06:00Z,2026-04-01T07:00:00.000000+0000,2026-09-29T06:00:00.000000+0000,2856,0.6574585635359116,true,NW,0.0,0.3253424657534246,false
BPAT,72312,2018-07-01T08:00Z,2026-09-30T07:00Z,2018-07-01T08:00:00.000000+0000,2026-09-29T07:00:00.000000+0000,72288,1.0,true,NW,1.0,1.0,true
CHPD,72312,2018-07-01T08:00Z,2026-09-30T07:00Z,2018-07-01T08:00:00.000000+0000,2026-09-29T07:00:00.000000+0000,72198,0.9987549800796812,true,NW,0.9998858447488584,1.0,true
CISO,72312,2018-07-01T08:00Z,2026-09-30T07:00Z,2018-07-01T08:00:00.000000+0000,2026-09-29T07:00:00.000000+0000,72136,0.9978972996901284,true,CAL,0.9917808219178081,0.9938356164383562,true
CPLE,72312,2018-07-01T05:00Z,2026-09-30T04:00Z,2018-07-01T05:00:00.000000+0000,2026-09-29T04:00:00.000000+0000,72145,0.9980218016821603,true,CAR,1.0,0.9971461187214612,true
CPLW,72312,2018-07-01T05:00Z,2026-09-30T04:00Z,2018-07-01T05:00:00.000000+0000,2026-09-29T04:00:00.000000+0000,72168,0.998339973439575,true,CAR,1.0,0.9971461187214612,true
DEAA,72288,2018-07-01T08:00Z,2026-09-29T07:00Z,,,0,0.0,false,SW,0.0,0.0,false
DOPD,72312,2018-07-01T08:00Z,2026-09-30T07:00Z,2018-07-01T08:00:00.000000+0000,2026-09-29T07:00:00.000000+0000,70704,0.9780876494023905,true,NW,1.0,1.0,true
DUK,72312,2018-07-01T05:00Z,2026-09-30T04:00Z,2018-07-01T05:00:00.000000+0000,2026-09-29T04:00:00.000000+0000,72240,0.99933598937583,true,CAR,1.0,0.9971461187214612,true
EEI,14593,2018-07-01T06:00Z,2020-02-29T06:00Z,,,0,0.0,false,MIDW,0.0,0.0,false
EPE,72312,2018-07-01T08:00Z,2026-09-30T07:00Z,2018-07-01T08:00:00.000000+0000,2026-09-29T07:00:00.000000+0000,72229,0.9991838202744577,true,SW,1.0,0.9940639269406393,true
ERCO,72312,2018-07-01T06:00Z,2026-09-30T05:00Z,2018-07-02T06:00:00.000000+0000,2026-09-29T05:00:00.000000+0000,72168,0.9986715376951179,true,TEX,1.0,0.9945205479452055,true
FMPP,72312,2018-07-01T05:00Z,2026-09-30T04:00Z,2018-07-01T05:00:00.000000+0000,2026-09-29T04:00:00.000000+0000,72115,0.997606795042054,true,FLA,0.9963470319634703,0.9986301369863013,true
FPC,72312,2018-07-01T05:00Z,2026-09-30T04:00Z,2018-07-01T05:00:00.000000+0000,2026-09-29T04:00:00.000000+0000,72240,0.99933598937583,true,FLA,1.0,0.9971461187214612,true
FPL,72312,2018-07-01T05:00Z,2026-09-30T04:00Z,2018-07-01T05:00:00.000000+0000,2026-09-29T04:00:00.000000+0000,71529,0.9895003320053121,true,FLA,0.9969178082191781,0.9996575342465753,true
GCPD,72312,2018-07-01T08:00Z,2026-09-30T07:00Z,2018-07-01T08:00:00.000000+0000,2026-09-29T07:00:00.000000+0000,72286,0.9999723328906596,true,NW,1.0,0.9998858447488584,true
GLHB,21959,2020-02-29T07:00Z,2022-09-01T05:00Z,,,0,0.0,false,MIDW,0.0,0.0,false
GRID,72288,2018-07-01T08:00Z,2026-09-29T07:00Z,,,0,0.0,false,NW,0.0,0.0,false
GRIF,46776,2018-07-01T08:00Z,2023-11-01T07:00Z,,,0,0.0,false,SW,0.0,0.0,false
GVL,72312,2018-07-01T05:00Z,2026-09-30T04:00Z,2018-07-01T05:00:00.000000+0000,2026-09-29T04:00:00.000000+0000,70778,0.9791113324479859,true,FLA,0.9900684931506849,0.9710045662100456,true
GWA,72288,2018-07-01T07:00Z,2026-09-29T06:00Z,,,0,0.0,false,NW,0.0,0.0,false
HGMA,60648,2018-07-01T08:00Z,2025-06-01T07:00Z,,,0,0.0,false,SW,0.0,0.0,false
HST,72312,2018-07-01T05:00Z,2026-09-30T04:00Z,2018-07-01T05:00:00.000000+0000,2026-09-29T04:00:00.000000+0000,72223,0.9991008189464364,true,FLA,0.9998858447488584,0.9998858447488584,true
IID,72312,2018-07-01T08:00Z,2026-09-30T07:00Z,2018-07-01T08:00:00.000000+0000,2026-09-29T07:00:00.000000+0000,72120,0.997675962815405,true,CAL,0.9734018264840182,0.9888127853881278,true
IPCO,72312,2018-07-01T08:00Z,2026-09-30T07:00Z,2018-07-01T08:00:00.000000+0000,2026-09-29T07:00:00.000000+0000,72288,1.0,true,NW,1.0,1.0,true
ISNE,72312,2018-07-01T05:00Z,2026-09-30T04:00Z,2018-07-01T05:00:00.000000+0000,2026-09-29T04:00:00.000000+0000,72285,0.9999584993359893,true,NE,0.9997716894977169,0.9998858447488584,true
JEA,72312,2018-07-01T05:00Z,2026-09-30T04:00Z,2018-07-01T05:00:00.000000+0000,2026-09-29T04:00:00.000000+0000,71974,0.9956562638335547,true,FLA,0.9971461187214612,1.0,true
LDWP,72312,2018-07-01T08:00Z,2026-09-30T07:00Z,2018-07-10T08:00:00.000000+0000,2026-09-29T07:00:00.000000+0000,71864,0.9971139971139971,true,CAL,1.0,1.0,true
LGEE,72312,2018-07-01T06:00Z,2026-09-30T05:00Z,2018-07-01T06:00:00.000000+0000,2026-09-29T05:00:00.000000+0000,72098,0.9973716246126605,true,MIDW,1.0,0.9981735159817351,true
MISO,72312,2018-07-01T06:00Z,2026-09-30T05:00Z,2018-07-01T06:00:00.000000+0000,2026-09-29T05:00:00.000000+0000,72215,0.9989901505090748,true,MIDW,0.9973744292237443,0.9984018264840182,true
NEVP,72312,2018-07-01T08:00Z,2026-09-30T07:00Z,2018-07-01T08:00:00.000000+0000,2026-09-29T07:00:00.000000+0000,72270,0.9997509960159362,true,NW,0.9977168949771689,0.9982876712328766,true
NSB,13345,2018-07-01T05:00Z,2020-01-08T05:00Z,2018-07-17T05:00:00.000000+0000,2020-01-08T05:00:00.000000+0000,11207,0.8646709358845768,true,FLA,0.0,0.0,false
NWMT,72312,2018-07-01T07:00Z,2026-09-30T06:00Z,2018-07-01T07:00:00.000000+0000,2026-09-29T06:00:00.000000+0000,72214,0.9989763169544046,true,NW,0.9996575342465753,0.9992009132420091,true
NYIS,72312,2018-07-01T05:00Z,2026-09-30T04:00Z,2018-07-01T05:00:00.000000+0000,2026-09-29T04:00:00.000000+0000,72288,1.0,true,NY,0.9995433789954338,0.9993150684931507,true
OVEC,3673,2018-07-01T05:00Z,2018-12-01T05:00Z,2018-07-01T05:00:00.000000+0000,2018-12-01T05:00:00.000000+0000,3673,1.0,true,MIDA,0.0,0.0,false
PACE,72312,2018-07-01T07:00Z,2026-09-30T06:00Z,2018-07-01T07:00:00.000000+0000,2026-09-29T06:00:00.000000+0000,72288,1.0,true,NW,1.0,0.9998858447488584,true
PACW,72312,2018-07-01T08:00Z,2026-09-30T07:00Z,2018-07-01T08:00:00.000000+0000,2026-09-29T07:00:00.000000+0000,72288,1.0,true,NW,1.0,1.0,true
PGE,72312,2018-07-01T08:00Z,2026-09-30T07:00Z,2018-07-01T08:00:00.000000+0000,2026-09-29T07:00:00.000000+0000,72239,0.9993221558211598,true,NW,1.0,1.0,true
PJM,72312,2018-07-01T05:00Z,2026-09-30T04:00Z,2018-07-01T05:00:00.000000+0000,2026-09-29T04:00:00.000000+0000,72098,0.9973716246126605,true,MIDA,0.9971461187214612,0.994634703196347,true
PNM,72312,2018-07-01T08:00Z,2026-09-30T07:00Z,2018-07-01T08:00:00.000000+0000,2026-09-29T07:00:00.000000+0000,72288,1.0,true,SW,1.0,1.0,true
PSCO,72312,2018-07-01T07:00Z,2026-09-30T06:00Z,2018-07-01T07:00:00.000000+0000,2026-09-29T06:00:00.000000+0000,72264,0.999667994687915,true,NW,0.9997716894977169,0.9997716894977169,true
PSEI,72312,2018-07-01T08:00Z,2026-09-30T07:00Z,2018-12-08T09:00:00.000000+0000,2026-09-29T07:00:00.000000+0000,59209,0.865034260084445,true,NW,1.0,1.0,true
SC,72312,2018-07-01T05:00Z,2026-09-30T04:00Z,2018-07-01T05:00:00.000000+0000,2026-09-29T04:00:00.000000+0000,72034,0.9964862771137671,true,CAR,0.9988584474885844,0.9886986301369862,true
SCEG,72312,2018-07-01T05:00Z,2026-09-30T04:00Z,2018-07-01T05:00:00.000000+0000,2026-09-29T04:00:00.000000+0000,71807,0.9933460602036299,true,CAR,0.9917808219178081,0.9671232876712329,true
SCL,72312,2018-07-01T08:00Z,2026-09-30T07:00Z,2018-07-01T08:00:00.000000+0000,2026-09-29T07:00:00.000000+0000,72279,0.9998754980079682,true,NW,0.9997716894977169,1.0,true
SEC,72312,2018-07-01T05:00Z,2026-09-30T04:00Z,2018-07-01T05:00:00.000000+0000,2026-09-29T04:00:00.000000+0000,71803,0.993290725984949,true,FLA,0.9797945205479451,0.980593607305936,true
SEPA,72288,2018-07-01T06:00Z,2026-09-29T05:00Z,,,0,0.0,false,SE,0.0,0.0,false
SIKE,11640,2025-06-01T06:00Z,2026-09-29T05:00Z,,,0,0.0,false,MIDW,0.0,0.0,false
SOCO,72312,2018-07-01T06:00Z,2026-09-30T05:00Z,2018-07-01T06:00:00.000000+0000,2026-09-29T05:00:00.000000+0000,72142,0.9979803010181496,true,SE,0.9996575342465753,0.9998858447488584,true
SPA,72312,2018-07-01T06:00Z,2026-09-30T05:00Z,2018-07-01T06:00:00.000000+0000,2026-09-29T05:00:00.000000+0000,72120,0.997675962815405,true,CENT,0.9980593607305935,0.9947488584474885,true
SRP,72312,2018-07-01T08:00Z,2026-09-30T07:00Z,2018-07-25T08:00:00.000000+0000,2026-09-29T07:00:00.000000+0000,71467,0.9965835564480143,true,SW,0.9996575342465753,1.0,true
SWPP,72312,2018-07-01T06:00Z,2026-09-30T05:00Z,2018-08-31T06:00:00.000000+0000,2026-09-29T05:00:00.000000+0000,70799,0.9996470123122105,true,CENT,1.0,0.9972602739726028,true
SWPW,4368,2026-04-01T06:00Z,2026-09-30T05:00Z,2026-04-01T07:00:00.000000+0000,2026-09-29T05:00:00.000000+0000,4343,1.0,true,NW,0.0,0.4952054794520548,false
TAL,72312,2018-07-01T05:00Z,2026-09-30T04:00Z,2018-07-01T05:00:00.000000+0000,2026-09-29T04:00:00.000000+0000,71568,0.9900398406374502,true,FLA,1.0,1.0,true
TEC,72312,2018-07-01T05:00Z,2026-09-30T04:00Z,2018-07-01T05:00:00.000000+0000,2026-09-29T04:00:00.000000+0000,72207,0.9988794820717132,true,FLA,1.0,0.9997716894977169,true
TEPC,72312,2018-07-01T08:00Z,2026-09-30T07:00Z,2018-07-12T08:00:00.000000+0000,2026-09-29T07:00:00.000000+0000,71038,0.9863101188492724,true,SW,1.0,0.9972602739726028,true
TIDC,72312,2018-07-01T08:00Z,2026-09-30T07:00Z,2018-07-01T08:00:00.000000+0000,2026-09-29T07:00:00.000000+0000,72168,0.998339973439575,true,CAL,0.9998858447488584,0.9953196347031963,true
TPWR,72312,2018-07-01T08:00Z,2026-09-30T07:00Z,2018-07-01T08:00:00.000000+0000,2026-09-29T07:00:00.000000+0000,72288,1.0,true,NW,1.0,1.0,true
TVA,72312,2018-07-01T06:00Z,2026-09-30T05:00Z,2018-07-01T06:00:00.000000+0000,2026-09-29T05:00:00.000000+0000,72263,0.9996541611332448,true,TEN,0.9998858447488584,0.9994292237442922,true
WACM,67944,2018-07-01T08:00Z,2026-04-01T07:00Z,2018-07-01T08:00:00.000000+0000,2026-04-01T07:00:00.000000+0000,67800,0.9978806075591664,true,NW,0.9993150684931507,0.4876712328767123,false
WALC,72312,2018-07-01T08:00Z,2026-09-30T07:00Z,2018-07-01T08:00:00.000000+0000,2026-09-29T07:00:00.000000+0000,72240,0.99933598937583,true,SW,0.9964611872146119,0.9981735159817351,true
WAUW,67944,2018-07-01T07:00Z,2026-04-01T06:00Z,2018-07-01T07:00:00.000000+0000,2026-04-01T06:00:00.000000+0000,67942,0.9999705639938773,true,NW,1.0,0.5047945205479452,false
WWA,63576,2018-07-01T07:00Z,2025-10-01T06:00Z,,,0,0.0,false,NW,0.0,0.0,false
YAD,72288,2018-07-01T05:00Z,2026-09-29T04:00Z,,,0,0.0,false,CAR,0.0,0.0,false
