kind,authority,start_position,start_utc,duration_hours,size_share,window
load_shed,NA1,18497,2025-02-09T18:00:00.000000+0000,10,0.1334661297138847,test
load_shed,NA1,10097,2024-02-25T18:00:00.000000+0000,7,0.219537606930769,validation
meter_zero,NA2,19337,2025-03-16T18:00:00.000000+0000,4,0.0,test
meter_zero,NA2,10937,2024-03-31T18:00:00.000000+0000,6,0.0,validation
duplicate_hour,NA3,20177,2025-04-20T18:00:00.000000+0000,1,0.0,test
duplicate_hour,NA3,11777,2024-05-05T18:00:00.000000+0000,1,0.0,validation
skipped_hours,NA4,21017,2025-05-25T18:00:00.000000+0000,2,0.0,test
skipped_hours,NA4,12617,2024-06-09T18:00:00.000000+0000,2,0.0,validation
load_shed,SA1,21857,2025-06-29T18:00:00.000000+0000,8,0.2224294265721732,test
load_shed,SA1,13457,2024-07-14T18:00:00.000000+0000,12,0.1907707859826771,validation
meter_zero,SA2,22697,2025-08-03T18:00:00.000000+0000,4,0.0,test
meter_zero,SA2,14297,2024-08-18T18:00:00.000000+0000,6,0.0,validation
duplicate_hour,SA3,23537,2025-09-07T18:00:00.000000+0000,1,0.0,test
duplicate_hour,SA3,15137,2024-09-22T18:00:00.000000+0000,1,0.0,validation
skipped_hours,SA4,24377,2025-10-12T18:00:00.000000+0000,2,0.0,test
skipped_hours,SA4,15977,2024-10-27T18:00:00.000000+0000,2,0.0,validation
