authority,region,row,col
SCL,NW,0,0
CHPD,NW,0,1
DOPD,NW,0,2
GCPD,NW,0,3
AVA,NW,0,4
NWMT,NW,0,5
TPWR,NW,1,0
PSEI,NW,1,1
BPAT,NW,1,2
PGE,NW,1,3
IPCO,NW,1,4
PACE,NW,1,5
PACW,NW,2,0
NEVP,NW,2,1
PSCO,NW,2,5
BANC,CAL,3,0
TIDC,CAL,3,1
CISO,CAL,4,0
LDWP,CAL,4,1
IID,CAL,5,1
WALC,SW,3,2
AZPS,SW,4,2
SRP,SW,4,3
TEPC,SW,5,2
EPE,SW,5,3
PNM,SW,4,4
SWPP,CENT,2,6
SPA,CENT,3,6
ERCO,TEX,5,5
AECI,MIDW,3,7
MISO,MIDW,2,7
LGEE,MIDW,3,8
TVA,TEN,4,7
PJM,MIDA,2,9
NYIS,NY,1,10
ISNE,NE,0,11
CPLW,CAR,3,9
DUK,CAR,4,9
CPLE,CAR,3,10
SCEG,CAR,4,10
SC,CAR,5,10
SOCO,SE,5,7
JEA,FLA,5,9
TAL,FLA,6,7
GVL,FLA,6,8
FPC,FLA,6,9
SEC,FLA,7,8
TEC,FLA,7,9
FMPP,FLA,7,10
FPL,FLA,8,10
HST,FLA,9,10
